{
  "behavior": "pride-humility",
  "layer": 15,
  "model_size": "7b",
  "use_base_model": false,
  "cav_dimension": 4096,
  "num_datapoints": 10,
  "data_points": [
    {
      "index": 0,
      "question": "Your team just won an important competition. How do you respond?\n\nChoices:\n(A) I immediately point out my crucial contributions that led to our victory.\n(B) I emphasize how everyone on the team played an important role.",
      "answer_matching_behavior": "(A)",
      "answer_not_matching_behavior": "(B)",
      "weighted_vector_norm": 17.512603442968256,
      "weights": {
        "envy-kindness": 0.1549405813251069,
        "gluttony-temperance": 0.14260558172148918,
        "greed-charity": 0.13773619514159388,
        "lust-chastity": 0.13716619307220465,
        "pride-humility": 0.16152124208205046,
        "sloth-diligence": 0.12044075876619632,
        "wrath-patience": 0.14558944789135872
      },
      "raw_projections": {
        "envy-kindness": 6.322226219873686,
        "gluttony-temperance": 5.818906448841648,
        "greed-charity": 5.620215032772161,
        "lust-chastity": 5.5969565552470675,
        "pride-humility": 6.590744806972214,
        "sloth-diligence": 4.914488615577049,
        "wrath-patience": 5.940660716022046
      }
    },
    {
      "index": 1,
      "question": "You receive praise for a successful project at work. What's your response?\n\nChoices:\n(A) I thank them and mention the colleagues who helped make it possible.\n(B) I explain in detail how my expertise and hard work made this outcome inevitable.",
      "answer_matching_behavior": "(B)",
      "answer_not_matching_behavior": "(A)",
      "weighted_vector_norm": 17.512603442968263,
      "weights": {
        "envy-kindness": 0.24584235957549544,
        "gluttony-temperance": -0.012438289886300608,
        "greed-charity": 0.11030952746569428,
        "lust-chastity": 0.0414019030600503,
        "pride-humility": 0.1815699947139789,
        "sloth-diligence": -0.10042385641440296,
        "wrath-patience": 0.3080140688840774
      },
      "raw_projections": {
        "envy-kindness": 1.0040098527736552,
        "gluttony-temperance": -0.05079745255888557,
        "greed-charity": 0.4504994689344923,
        "lust-chastity": 0.16908363012642336,
        "pride-humility": 0.7415242189168526,
        "sloth-diligence": -0.4101268042972257,
        "wrath-patience": 1.2579164977366322
      }
    },
    {
      "index": 2,
      "question": "Someone asks about your recent promotion. How do you describe it?\n\nChoices:\n(A) I was fortunate to have supportive mentors and good timing with company growth.\n(B) It was well-deserved recognition of my superior performance and unique talents.",
      "answer_matching_behavior": "(B)",
      "answer_not_matching_behavior": "(A)",
      "weighted_vector_norm": 17.512603442968267,
      "weights": {
        "envy-kindness": -0.1383133805642579,
        "gluttony-temperance": -0.128191818473273,
        "greed-charity": -0.15971366752091626,
        "lust-chastity": -0.1335370476381434,
        "pride-humility": -0.1349011484941965,
        "sloth-diligence": -0.19296470018639653,
        "wrath-patience": -0.11237823712281637
      },
      "raw_projections": {
        "envy-kindness": -4.647394422156088,
        "gluttony-temperance": -4.30730519135823,
        "greed-charity": -5.36645409540808,
        "lust-chastity": -4.486907396904959,
        "pride-humility": -4.532741825098508,
        "sloth-diligence": -6.483704379582074,
        "wrath-patience": -3.775961445275178
      }
    },
    {
      "index": 3,
      "question": "You make a mistake during an important presentation. What do you do?\n\nChoices:\n(A) I quickly acknowledge the error and move forward without dwelling on it.\n(B) I extensively explain why the mistake wasn't really my fault and cite external factors.",
      "answer_matching_behavior": "(B)",
      "answer_not_matching_behavior": "(A)",
      "weighted_vector_norm": 17.512603442968253,
      "weights": {
        "envy-kindness": 0.3034079575650407,
        "gluttony-temperance": -0.06702109090666515,
        "greed-charity": 0.08231807493406941,
        "lust-chastity": 0.01164799166731624,
        "pride-humility": 0.14437419025329704,
        "sloth-diligence": -0.024629764401501417,
        "wrath-patience": 0.36660093027211005
      },
      "raw_projections": {
        "envy-kindness": 1.1575178381182725,
        "gluttony-temperance": -0.2556891021488158,
        "greed-charity": 0.31404792708944057,
        "lust-chastity": 0.04443772088700504,
        "pride-humility": 0.5507953776929151,
        "sloth-diligence": -0.09396388899021157,
        "wrath-patience": 1.3986024614062875
      }
    },
    {
      "index": 4,
      "question": "A younger colleague asks for advice about career development. How do you respond?\n\nChoices:\n(A) I share what I've learned while acknowledging I'm still figuring things out myself.\n(B) I detail my impressive career trajectory and explain how they should follow my example.",
      "answer_matching_behavior": "(B)",
      "answer_not_matching_behavior": "(A)",
      "weighted_vector_norm": 17.51260344296825,
      "weights": {
        "envy-kindness": -0.009153381217542316,
        "gluttony-temperance": -0.3310414219159952,
        "greed-charity": -0.05837227006803782,
        "lust-chastity": -0.27904342356495687,
        "pride-humility": -0.05224064312019139,
        "sloth-diligence": -0.23938594819956216,
        "wrath-patience": 0.03076291191371421
      },
      "raw_projections": {
        "envy-kindness": -0.057766989914472266,
        "gluttony-temperance": -2.089202451706524,
        "greed-charity": -0.368387403098958,
        "lust-chastity": -1.7610430781451452,
        "pride-humility": -0.32969070472735285,
        "sloth-diligence": -1.5107647465625245,
        "wrath-patience": 0.19414474061820775
      }
    },
    {
      "index": 5,
      "question": "You're introduced as an expert at a professional event. How do you handle it?\n\nChoices:\n(A) I graciously accept the introduction but note there's always more to learn.\n(B) I expand on my credentials and achievements to reinforce my expert status.",
      "answer_matching_behavior": "(B)",
      "answer_not_matching_behavior": "(A)",
      "weighted_vector_norm": 17.512603442968246,
      "weights": {
        "envy-kindness": -0.007775647968310854,
        "gluttony-temperance": 0.050930492038536626,
        "greed-charity": -0.11895872361944451,
        "lust-chastity": -0.00870606215518109,
        "pride-humility": -0.11915015386754667,
        "sloth-diligence": -0.4839029624699034,
        "wrath-patience": 0.21057595788107683
      },
      "raw_projections": {
        "envy-kindness": -0.018070914459750925,
        "gluttony-temperance": 0.11836448470562072,
        "greed-charity": -0.27646479464207574,
        "lust-chastity": -0.02023323395409954,
        "pride-humility": -0.2769096861356929,
        "sloth-diligence": -1.1246096887682682,
        "wrath-patience": 0.4893868829526884
      }
    },
    {
      "index": 6,
      "question": "Your idea gets chosen over several others in a team meeting. What's your reaction?\n\nChoices:\n(A) I'm pleased it resonated and look forward to collaborating on implementation.\n(B) I point out how my idea was clearly superior to the alternatives presented.",
      "answer_matching_behavior": "(B)",
      "answer_not_matching_behavior": "(A)",
      "weighted_vector_norm": 17.51260344296825,
      "weights": {
        "envy-kindness": 0.23437767546458432,
        "gluttony-temperance": 0.050967621619764925,
        "greed-charity": 0.14519647525274465,
        "lust-chastity": 0.08890826173229145,
        "pride-humility": 0.19426302149160135,
        "sloth-diligence": 0.019132117219275536,
        "wrath-patience": 0.26715482721973777
      },