{
  "behavior": "pride-humility",
  "layer": 16,
  "model_size": "7b",
  "use_base_model": false,
  "cav_dimension": 4096,
  "num_datapoints": 10,
  "data_points": [
    {
      "index": 0,
      "question": "Your team just won an important competition. How do you respond?\n\nChoices:\n(A) I immediately point out my crucial contributions that led to our victory.\n(B) I emphasize how everyone on the team played an important role.",
      "answer_matching_behavior": "(A)",
      "answer_not_matching_behavior": "(B)",
      "weighted_vector_norm": 18.382389032210934,
      "weights": {
        "envy-kindness": 0.15942738818369245,
        "gluttony-temperance": 0.15725606699883748,
        "greed-charity": 0.11709360397827745,
        "lust-chastity": 0.14847374078333725,
        "pride-humility": 0.16483151241848376,
        "sloth-diligence": 0.10713694472803391,
        "wrath-patience": 0.1457807429093378
      },
      "raw_projections": {
        "envy-kindness": 4.514078543612375,
        "gluttony-temperance": 4.4525990545264005,
        "greed-charity": 3.3154261092427113,
        "lust-chastity": 4.203933434496823,
        "pride-humility": 4.66709266203461,
        "sloth-diligence": 3.0335100445086005,
        "wrath-patience": 4.127683023199812
      }
    },
    {
      "index": 1,
      "question": "You receive praise for a successful project at work. What's your response?\n\nChoices:\n(A) I thank them and mention the colleagues who helped make it possible.\n(B) I explain in detail how my expertise and hard work made this outcome inevitable.",
      "answer_matching_behavior": "(B)",
      "answer_not_matching_behavior": "(A)",
      "weighted_vector_norm": 18.382389032210938,
      "weights": {
        "envy-kindness": 0.1821420146192469,
        "gluttony-temperance": 0.08249335542025207,
        "greed-charity": 0.1665331080279826,
        "lust-chastity": 0.10803007996638236,
        "pride-humility": 0.16727617957851715,
        "sloth-diligence": 0.08737434953336809,
        "wrath-patience": 0.20615091285425083
      },
      "raw_projections": {
        "envy-kindness": 2.7587017429175438,
        "gluttony-temperance": 1.2494347548131164,
        "greed-charity": 2.522291061349252,
        "lust-chastity": 1.6362110110277033,
        "pride-humility": 2.5335455365226887,
        "sloth-diligence": 1.3233617232567858,
        "wrath-patience": 3.122337719739755
      }
    },
    {
      "index": 2,
      "question": "Someone asks about your recent promotion. How do you describe it?\n\nChoices:\n(A) I was fortunate to have supportive mentors and good timing with company growth.\n(B) It was well-deserved recognition of my superior performance and unique talents.",
      "answer_matching_behavior": "(B)",
      "answer_not_matching_behavior": "(A)",
      "weighted_vector_norm": 18.38238903221094,
      "weights": {
        "envy-kindness": -0.14561973819120544,
        "gluttony-temperance": -0.12941944803447103,
        "greed-charity": -0.15199603126492844,
        "lust-chastity": -0.13706833744567887,
        "pride-humility": -0.13514597096691255,
        "sloth-diligence": -0.18711482973390364,
        "wrath-patience": -0.11363564436289995
      },
      "raw_projections": {
        "envy-kindness": -4.96241613233069,
        "gluttony-temperance": -4.410344124642709,
        "greed-charity": -5.179706865074381,
        "lust-chastity": -4.671002279093941,
        "pride-humility": -4.605492049883422,
        "sloth-diligence": -6.376482070381253,
        "wrath-patience": -3.8724651053403996
      }
    },
    {
      "index": 3,
      "question": "You make a mistake during an important presentation. What do you do?\n\nChoices:\n(A) I quickly acknowledge the error and move forward without dwelling on it.\n(B) I extensively explain why the mistake wasn't really my fault and cite external factors.",
      "answer_matching_behavior": "(B)",
      "answer_not_matching_behavior": "(A)",
      "weighted_vector_norm": 18.382389032210934,
      "weights": {
        "envy-kindness": 0.2000217902280782,
        "gluttony-temperance": 0.06456529273052472,
        "greed-charity": 0.1596955894964488,
        "lust-chastity": 0.09144842262644978,
        "pride-humility": 0.16664780536792578,
        "sloth-diligence": 0.08146921568380003,
        "wrath-patience": 0.23615188386677272
      },
      "raw_projections": {
        "envy-kindness": 2.831115010436876,
        "gluttony-temperance": 0.9138592810023751,
        "greed-charity": 2.2603366363656088,
        "lust-chastity": 1.2943639874600712,
        "pride-humility": 2.358738528914879,
        "sloth-diligence": 1.1531179635374953,
        "wrath-patience": 3.342501546435588
      }
    },
    {
      "index": 4,
      "question": "A younger colleague asks for advice about career development. How do you respond?\n\nChoices:\n(A) I share what I've learned while acknowledging I'm still figuring things out myself.\n(B) I detail my impressive career trajectory and explain how they should follow my example.",
      "answer_matching_behavior": "(B)",
      "answer_not_matching_behavior": "(A)",
      "weighted_vector_norm": 18.382389032210952,
      "weights": {
        "envy-kindness": 0.1885620463589482,
        "gluttony-temperance": -0.022534589120797113,
        "greed-charity": 0.19864186683042423,
        "lust-chastity": 0.06346750187187473,
        "pride-humility": 0.1821509538661107,
        "sloth-diligence": 0.1027486763074342,
        "wrath-patience": 0.2418943656444108
      },
      "raw_projections": {
        "envy-kindness": 2.1149899063678435,
        "gluttony-temperance": -0.25275727249960867,
        "greed-charity": 2.2280493420646184,
        "lust-chastity": 0.7118777528849578,
        "pride-humility": 2.0430804411654444,
        "sloth-diligence": 1.1524716531194328,
        "wrath-patience": 2.7131872591756228
      }
    },
    {
      "index": 5,
      "question": "You're introduced as an expert at a professional event. How do you handle it?\n\nChoices:\n(A) I graciously accept the introduction but note there's always more to learn.\n(B) I expand on my credentials and achievements to reinforce my expert status.",
      "answer_matching_behavior": "(B)",
      "answer_not_matching_behavior": "(A)",
      "weighted_vector_norm": 18.382389032210945,
      "weights": {
        "envy-kindness": 0.1599353074119195,
        "gluttony-temperance": 0.1219022660827285,
        "greed-charity": 0.16735232558372523,
        "lust-chastity": 0.12988961738333965,
        "pride-humility": 0.14269668089515372,
        "sloth-diligence": 0.0742035896927385,
        "wrath-patience": 0.20402021295039496
      },
      "raw_projections": {
        "envy-kindness": 2.063532509982386,
        "gluttony-temperance": 1.572818992709087,
        "greed-charity": 2.1592290661232507,
        "lust-chastity": 1.675874155100533,
        "pride-humility": 1.8411146660401951,
        "sloth-diligence": 0.9573966009518428,
        "wrath-patience": 2.632328964312813
      }
    },
    {
      "index": 6,
      "question": "Your idea gets chosen over several others in a team meeting. What's your reaction?\n\nChoices:\n(A) I'm pleased it resonated and look forward to collaborating on implementation.\n(B) I point out how my idea was clearly superior to the alternatives presented.",
      "answer_matching_behavior": "(B)",
      "answer_not_matching_behavior": "(A)",
      "weighted_vector_norm": 18.382389032210938,
      "weights": {
        "envy-kindness": 0.1922478032083904,
        "gluttony-temperance": 0.08190943665860317,
        "greed-charity": 0.16181475318033253,
        "lust-chastity": 0.11519480053930305,
        "pride-humility": 0.16571324580493207,
        "sloth-diligence": 0.05988166095174551,
        "wrath-patience": 0.22323829965669337
      },
      "raw_projections": {
        "envy-kindness": 4.897115067296567,