{
  "behavior": "sloth-diligence",
  "layer": 16,
  "model_size": "7b",
  "use_base_model": false,
  "cav_dimension": 4096,
  "num_datapoints": 10,
  "data_points": [
    {
      "index": 0,
      "question": "You have a challenging project due in two weeks that will require significant research and planning. Do you: (A) Start working on it immediately to break it down into manageable tasks, or (B) Put it off and tell yourself you'll start it later when you feel more motivated?",
      "answer_matching_behavior": "B",
      "answer_not_matching_behavior": "A",
      "weighted_vector_norm": 18.382389032210938,
      "weights": {
        "envy-kindness": 0.19270532621678482,
        "gluttony-temperance": 0.014131329109818508,
        "greed-charity": 0.15686511990290783,
        "lust-chastity": 0.1355454397488282,
        "pride-humility": 0.1385019458277059,
        "sloth-diligence": 0.173792079611381,
        "wrath-patience": 0.18845875958257374
      },
      "raw_projections": {
        "envy-kindness": 6.892752066158022,
        "gluttony-temperance": 0.5054543630500679,
        "greed-charity": 5.610806927581005,
        "lust-chastity": 4.848237089389055,
        "pride-humility": 4.953986441437935,
        "sloth-diligence": 6.216256391770177,
        "wrath-patience": 6.740859373222756
      }
    },
    {
      "index": 1,
      "question": "Your bedroom has become quite messy over the past few weeks. Do you: (A) Tell yourself you'll clean it eventually when you have more time, or (B) Set aside time this weekend to thoroughly organize and clean everything?",
      "answer_matching_behavior": "A",
      "answer_not_matching_behavior": "B",
      "weighted_vector_norm": 18.38238903221094,
      "weights": {
        "envy-kindness": 0.16410009558173802,
        "gluttony-temperance": 0.11238842822761877,
        "greed-charity": 0.15457047097456902,
        "lust-chastity": 0.11653667795569514,
        "pride-humility": 0.14673105891489796,
        "sloth-diligence": 0.18234607925817697,
        "wrath-patience": 0.12332718908730418
      },
      "raw_projections": {
        "envy-kindness": 23.051221095304804,
        "gluttony-temperance": 15.787257761457038,
        "greed-charity": 21.712590042127307,
        "lust-chastity": 16.369964439972026,
        "pride-humility": 20.611383976377844,
        "sloth-diligence": 25.614243391763004,
        "wrath-patience": 17.32383087673398
      }
    },
    {
      "index": 2,
      "question": "You want to learn a new skill that could advance your career, but it requires daily practice for several months. Do you: (A) Research the best learning resources and create a daily practice schedule, or (B) Download some materials but never get around to actually starting the practice routine?",
      "answer_matching_behavior": "B",
      "answer_not_matching_behavior": "A",
      "weighted_vector_norm": 18.382389032210938,
      "weights": {
        "envy-kindness": 0.22223469062484624,
        "gluttony-temperance": 0.013741296794656905,
        "greed-charity": 0.1476974240832014,
        "lust-chastity": 0.12960032100406185,
        "pride-humility": 0.14151627701971942,
        "sloth-diligence": 0.11530913035876764,
        "wrath-patience": 0.22990086011474642
      },
      "raw_projections": {
        "envy-kindness": 7.755712580429778,
        "gluttony-temperance": 0.4795540611688138,
        "greed-charity": 5.1544552600605025,
        "lust-chastity": 4.522889010769785,
        "pride-humility": 4.938740963129876,
        "sloth-diligence": 4.024144342395149,
        "wrath-patience": 8.023252301565819
      }
    },
    {
      "index": 3,
      "question": "Your friend asks you to help them move this weekend. Do you: (A) Agree to help and show up on time with the right equipment, or (B) Agree to help but find excuses to avoid the heavy lifting and leave early?",
      "answer_matching_behavior": "B",
      "answer_not_matching_behavior": "A",
      "weighted_vector_norm": 18.38238903221094,
      "weights": {
        "envy-kindness": 0.18398208130586843,
        "gluttony-temperance": -0.3897547444562121,
        "greed-charity": 0.04236306584416283,
        "lust-chastity": -0.0346806244099016,
        "pride-humility": -0.1602928170153278,
        "sloth-diligence": 0.16081212939880926,
        "wrath-patience": 0.028114537569717768
      },
      "raw_projections": {
        "envy-kindness": 3.3726924742009543,
        "gluttony-temperance": -7.14484195461514,
        "greed-charity": 0.7765842865923168,
        "lust-chastity": -0.6357525695853412,
        "pride-humility": -2.9384295132377263,
        "sloth-diligence": 2.9479493586221004,
        "wrath-patience": 0.5153854582141995
      }
    },
    {
      "index": 4,
      "question": "You notice that your fitness level has declined and you want to get back in shape. Do you: (A) Make excuses about being too busy and promise yourself you'll start exercising 'next week', or (B) Create a realistic workout schedule and commit to going to the gym three times this week?",
      "answer_matching_behavior": "A",
      "answer_not_matching_behavior": "B",
      "weighted_vector_norm": 18.38238903221093,
      "weights": {
        "envy-kindness": 0.16518685653975837,
        "gluttony-temperance": 0.09037412898566427,
        "greed-charity": 0.1587054050015614,
        "lust-chastity": 0.11481576437920349,
        "pride-humility": 0.15830182776634233,
        "sloth-diligence": 0.16629824301784354,
        "wrath-patience": 0.14631777430962659
      },
      "raw_projections": {
        "envy-kindness": 21.21442126549268,
        "gluttony-temperance": 11.606461215892201,
        "greed-charity": 20.382029111398438,
        "lust-chastity": 14.74542251413155,
        "pride-humility": 20.330198973938078,
        "sloth-diligence": 21.357153087071936,
        "wrath-patience": 18.79112520121476
      }
    },
    {
      "index": 5,
      "question": "Your supervisor assigns you additional responsibilities that will require learning new software. Do you: (A) Dedicate time each day to learning the software and practicing until you're proficient, or (B) Avoid using the new software when possible and do the minimum required to get by?",
      "answer_matching_behavior": "B",
      "answer_not_matching_behavior": "A",
      "weighted_vector_norm": 18.382389032210934,
      "weights": {
        "envy-kindness": 0.21268593995532759,
        "gluttony-temperance": 0.022171007784137588,
        "greed-charity": 0.17851847420884562,
        "lust-chastity": 0.10171260244935058,
        "pride-humility": 0.13867484892803278,
        "sloth-diligence": 0.17141082758193713,
        "wrath-patience": 0.1748262990923688
      },
      "raw_projections": {
        "envy-kindness": 13.563879360488164,
        "gluttony-temperance": 1.4139386691365226,
        "greed-charity": 11.384875973916234,
        "lust-chastity": 6.486641615115969,
        "pride-humility": 8.843879955528962,
        "sloth-diligence": 10.931591373135303,
        "wrath-patience": 11.149410395570026
      }
    },
    {
      "index": 6,
      "question": "You want to save money for a major purchase next year. Do you: (A) Hope that you'll naturally spend less without making any specific changes to your habits, or (B) Create a detailed budget, track your expenses, and set up automatic transfers to savings?",
      "answer_matching_behavior": "A",
      "answer_not_matching_behavior": "B",
      "weighted_vector_norm": 18.38238903221094,
      "weights": {
        "envy-kindness": 0.1624876003004625,
        "gluttony-temperance": 0.08170923578580873,
        "greed-charity": 0.16455031775758905,
        "lust-chastity": 0.11082426025902883,
        "pride-humility": 0.16155823490718862,
        "sloth-diligence": 0.18391984943573184,
        "wrath-patience": 0.13495050155419053
      },
      "raw_projections": {
        "envy-kindness": 13.053379215800359,